gene,version,probe_sequence
AT1G01470,V1,AAACTGATCTCACAGATCGGAATCGAATGACTGTAAGGAT
AT1G02450,V1,CTTGTCTTCGTTTCGCTCTTCTGTTTGATCTTCTTCTTGT
AT2G01420,V4,CACCATTATCAATATCAGTCGTGTCATCACACTTGTCGGC
AT2G04240,V1,GAGCTTGTTGATCTCTGAATCCCCTTGGAATTTCGACAAA
AT3G63380,V1,TCAAGGTTTCTTGAGAGATGGGCTTCTTGAACCCTTAAAT
AT4G39950,V1,TTGACGTAGTTTAGTTTTGGGATGTCGGATTCTTGAACGA
AT5G01900,V1,ATAGTGTCATGATGATAAGTCGTGAGATGTCCAGAAAGGA
AT5G03280,V1,CCATGCTAACAATCTTCTCCACAGGACTCATTGGTTCAAT
AT5G03610,V1,ATCGTTTCTTTCCCGCGTAATCTTTCCAAAAGTATGGGAT
AT5G03940,V3,TTAACCAAATTGGGCTGAAATAGTTTTAGTTACCAGAGCC
ATCG00810,V3,TTATATGACAAGTGGATCGTTTTATTGGGTAACTTCGTCC
